{
  "x1": 0.1,
  "y1": 0.04861111111111111,
  "x2": 0.99296875,
  "y2": 0.8472222222222222
}